CREATE DATABASE  IF NOT EXISTS `tpintegrador` /*!40100 DEFAULT CHARACTER SET utf8 */;
USE `tpintegrador`;
-- MySQL dump 10.13  Distrib 8.0.21, for macos10.15 (x86_64)
--
-- Host: localhost    Database: tpintegrador
-- ------------------------------------------------------
-- Server version	5.7.26

/*!40101 SET @OLD_CHARACTER_SET_CLIENT=@@CHARACTER_SET_CLIENT */;
/*!40101 SET @OLD_CHARACTER_SET_RESULTS=@@CHARACTER_SET_RESULTS */;
/*!40101 SET @OLD_COLLATION_CONNECTION=@@COLLATION_CONNECTION */;
/*!50503 SET NAMES utf8 */;
/*!40103 SET @OLD_TIME_ZONE=@@TIME_ZONE */;
/*!40103 SET TIME_ZONE='+00:00' */;
/*!40014 SET @OLD_UNIQUE_CHECKS=@@UNIQUE_CHECKS, UNIQUE_CHECKS=0 */;
/*!40014 SET @OLD_FOREIGN_KEY_CHECKS=@@FOREIGN_KEY_CHECKS, FOREIGN_KEY_CHECKS=0 */;
/*!40101 SET @OLD_SQL_MODE=@@SQL_MODE, SQL_MODE='NO_AUTO_VALUE_ON_ZERO' */;
/*!40111 SET @OLD_SQL_NOTES=@@SQL_NOTES, SQL_NOTES=0 */;

--
-- Table structure for table `comentarios`
--

DROP TABLE IF EXISTS `comentarios`;
/*!40101 SET @saved_cs_client     = @@character_set_client */;
/*!50503 SET character_set_client = utf8mb4 */;
CREATE TABLE `comentarios` (
  `idcomentarios` int(11) NOT NULL AUTO_INCREMENT,
  `comentario` varchar(45) NOT NULL,
  `fechadeComentario` varchar(45) NOT NULL,
  `idpost` int(11) DEFAULT NULL,
  `idusuario` int(11) DEFAULT NULL,
  PRIMARY KEY (`idcomentarios`)
) ENGINE=InnoDB AUTO_INCREMENT=201 DEFAULT CHARSET=utf8;
/*!40101 SET character_set_client = @saved_cs_client */;

--
-- Dumping data for table `comentarios`
--

LOCK TABLES `comentarios` WRITE;
/*!40000 ALTER TABLE `comentarios` DISABLE KEYS */;
INSERT INTO `comentarios` VALUES (1,'que facha estas','2018-07-1',1,1),(2,'fachero','2018-07-2',1,1),(3,'fachero que sos','2018-07-3',1,1),(4,'que facha sos','2018-07-4',1,1),(5,'que facha tenes','2018-07-5',2,1),(6,'que facha posees','2018-07-6',2,1),(7,'que facha manejas','2018-07-7',2,1),(8,'que facha llevas','2018-07-8',2,1),(9,'que facha armas','2018-07-9',3,1),(10,'que facha adquiriste','2018-07-10',3,1),(11,'que facha estasiiiii','2018-07-1',1,1),(12,'facheroxxxx','2018-07-2',3,1),(13,'fachero que sosxxxx','2018-07-3',3,1),(14,'que facha sosiiiii','2018-07-4',4,1),(15,'que facha tenesiiiii','2018-07-5',4,1),(16,'que facha poseesiiiii','2018-07-6',4,1),(17,'que facha manejasiiiiiii','2018-07-7',5,1),(18,'que facha llevasiiii','2018-07-8',5,1),(19,'que facha armasiiiii','2018-07-9',5,1),(20,'que facha adquiristeiiiiii','2018-07-10',5,1),(21,'que facha estaseeee','2018-07-1',6,1),(22,'facheroeeee','2018-07-2',6,1),(23,'fachero que soseeeee','2018-07-3',6,1),(24,'que facha soeeees','2018-07-4',6,1),(25,'que facha teneseeee','2018-07-5',7,1),(26,'que facha poseeseeee','2018-07-6',7,1),(27,'que facha manejaseeeee','2018-07-7',7,1),(28,'que facha llevaseeee','2018-07-8',7,1),(29,'que facha armaseeeee','2018-07-9',8,1),(30,'que facha adquiristeeeeee','2018-07-10',8,1),(31,'que facha estasoooooo','2018-07-1',8,1),(32,'facheroooooo','2018-07-2',8,1),(33,'fachero que sosoooo','2018-07-3',9,1),(34,'que facha sosoooo','2018-07-4',9,1),(35,'que facha tenesoooo','2018-07-5',9,1),(36,'que facha poseesoooo','2018-07-6',9,1),(37,'que facha manejasoooo','2018-07-7',10,1),(38,'que facha llevasooooo','2018-07-8',10,1),(39,'que facha armasooooo','2018-07-9',10,1),(40,'que facha adquiristeoooo','2018-07-10',10,1),(41,'que facha estasaaaa','2018-07-1',1,2),(42,'facheroaaaaa','2018-07-2',1,2),(43,'fachero que sosaaaaa','2018-07-3',1,2),(44,'que facha sosaaaa','2018-07-4',1,2),(45,'que facha tenesaaaa','2018-07-5',2,2),(46,'que facha poseesaaaa','2018-07-6',2,2),(47,'que facha manejasaaaa','2018-07-7',2,2),(48,'que facha llevasaaaa','2018-07-8',2,2),(49,'que facha armasaaaa','2018-07-9',3,2),(50,'que facha adquiristeaaaa','2018-07-10',3,2),(51,'que facha estasaaaa','2018-07-1',3,2),(52,'facheroaaaa','2018-07-2',3,2),(53,'fachero que sosaaaaa','2018-07-3',4,2),(54,'que facha sosaaaaa','2018-07-4',4,2),(55,'que facha tenesaaaaa','2018-07-5',4,2),(56,'que facha poseesaaaa','2018-07-6',4,2),(57,'que facha manejasaaaaa','2018-07-7',5,2),(58,'que facha llevasaaaaa','2018-07-8',5,2),(59,'que facha armasaaaa','2018-07-9',5,2),(60,'que facha adquiristeaaaa','2018-07-10',5,2),(61,'que facha estasaaaaa','2018-07-1',6,2),(62,'facheroaaaaa','2018-07-2',6,2),(63,'fachero que soseaaaaa','2018-07-3',6,2),(64,'que facha soaaaaa','2018-07-4',6,2),(65,'que facha teneaaaa','2018-07-5',7,2),(66,'que facha poseeaaaa','2018-07-6',7,2),(67,'que facha manejasaaaa','2018-07-7',7,2),(68,'que facha llevasaaaa','2018-07-8',7,2),(69,'que facha armasaaaaa','2018-07-9',8,2),(70,'que facha adquiriaaaa','2018-07-10',8,2),(71,'que facha estasaaaa','2018-07-1',8,2),(72,'facheraaaa','2018-07-2',8,2),(73,'fachero que soaaaaa','2018-07-3',9,2),(74,'que facha sosaaaa','2018-07-4',9,2),(75,'que facha tenesaaaaa','2018-07-5',9,2),(76,'que facha poseeaaaa','2018-07-6',9,2),(77,'que facha manejasaaaa','2018-07-7',10,2),(78,'que facha llevasaaaa','2018-07-8',10,2),(79,'que facha armasaaaa','2018-07-9',10,2),(80,'que facha adquiristaaaaa','2018-07-10',10,2),(81,'que facha estasaaaa','2018-07-1',1,3),(82,'facheroaaaaa','2018-07-2',1,3),(83,'fachero que sosaaaaa','2018-07-3',1,3),(84,'que facha sosaaaa','2018-07-4',1,3),(85,'que facha tenesaaaa','2018-07-5',2,3),(86,'que facha poseesaaaa','2018-07-6',2,3),(87,'que facha manejasaaaa','2018-07-7',2,3),(88,'que facha llevasaaaa','2018-07-8',2,3),(89,'que facha armasaaaa','2018-07-9',3,3),(90,'que facha adquiristeaaaa','2018-07-10',3,3),(91,'que facha estasaaaa','2018-07-1',3,3),(92,'facheroaaaa','2018-07-2',3,2),(93,'fachero que sosaaaaa','2018-07-3',4,3),(94,'que facha sosaaaaa','2018-07-4',4,3),(95,'que facha tenesaaaaa','2018-07-5',4,3),(96,'que facha poseesaaaa','2018-07-6',4,3),(97,'que facha manejasaaaaa','2018-07-7',5,3),(98,'que facha llevasaaaaa','2018-07-8',5,3),(99,'que facha armasaaaa','2018-07-9',5,3),(100,'que facha adquiristeaaaa','2018-07-10',5,3),(101,'que facha estasaaaaa','2018-07-1',6,3),(102,'facheroaaaaa','2018-07-2',6,3),(103,'fachero que soseaaaaa','2018-07-3',6,3),(104,'que facha soaaaaa','2018-07-4',6,3),(105,'que facha teneaaaa','2018-07-5',7,3),(106,'que facha poseeaaaa','2018-07-6',7,3),(107,'que facha manejasaaaa','2018-07-7',7,3),(108,'que facha llevasaaaa','2018-07-8',7,3),(109,'que facha armasaaaaa','2018-07-9',8,3),(110,'que facha adquiriaaaa','2018-07-10',8,3),(111,'que facha estasaaaa','2018-07-1',8,3),(112,'facheraaaa','2018-07-2',8,2),(113,'fachero que soaaaaa','2018-07-3',9,3),(114,'que facha sosaaaa','2018-07-4',9,3),(115,'que facha tenesaaaaa','2018-07-5',9,3),(116,'que facha poseeaaaa','2018-07-6',9,3),(117,'que facha manejasaaaa','2018-07-7',10,3),(118,'que facha llevasaaaa','2018-07-8',10,3),(119,'que facha armasaaaa','2018-07-9',10,3),(120,'que facha adquiristaaaaa','2018-07-10',10,3),(121,'uno que jode poco','2018-07-1',1,4),(122,'uno que sale poco','2018-07-2',1,4),(123,'uno con poca facha','2018-07-3',1,4),(124,'uno que juega poco','2018-07-4',1,4),(125,'nanana estas ido amigo','2018-07-5',2,4),(126,'uno que baila poco','2018-07-6',2,4),(127,'se requiere licensia para manejar esa facha','2018-07-7',2,4),(128,'jajaj es por ahi rey!','2018-07-8',2,4),(129,'animal','2018-07-9',3,4),(130,'rey de reyes!','2018-07-10',3,4),(131,'que facha estasaaaa','2018-07-1',3,4),(132,'facheroaaaa','2018-07-2',3,4),(133,'fachero que sosaaaaa','2018-07-3',4,4),(134,'que facha sosaaaaa','2018-07-4',4,4),(135,'que facha tenesaaaaa','2018-07-5',4,4),(136,'que facha poseesaaaa','2018-07-6',4,4),(137,'que facha manejasaaaaa','2018-07-7',5,4),(138,'que facha llevasaaaaa','2018-07-8',5,4),(139,'que facha armasaaaa','2018-07-9',5,4),(140,'que facha adquiristeaaaa','2018-07-10',5,4),(141,'que facha estasaaaaa','2018-07-1',6,4),(142,'facheroaaaaa','2018-07-2',6,4),(143,'fachero que soseaaaaa','2018-07-3',6,4),(144,'que facha soaaaaa','2018-07-4',6,4),(145,'que facha teneaaaa','2018-07-5',7,4),(146,'que facha poseeaaaa','2018-07-6',7,4),(147,'que facha manejasaaaa','2018-07-7',7,4),(148,'que facha llevasaaaa','2018-07-8',7,4),(149,'que facha armasaaaaa','2018-07-9',8,4),(150,'que facha adquiriaaaa','2018-07-10',8,4),(151,'que facha estasaaaa','2018-07-1',8,4),(152,'facheraaaa','2018-07-2',8,4),(153,'fachero que soaaaaa','2018-07-3',9,4),(154,'que facha sosaaaa','2018-07-4',9,4),(155,'que facha tenesaaaaa','2018-07-5',9,4),(156,'que facha poseeaaaa','2018-07-6',9,4),(157,'que facha manejasaaaa','2018-07-7',10,4),(158,'que facha llevasaaaa','2018-07-8',10,4),(159,'que facha armasaaaa','2018-07-9',10,4),(160,'que facha adquiristaaaaa','2018-07-10',10,4),(161,'que facha estasaaaa','2018-07-1',1,5),(162,'facheroaaaaa','2018-07-2',1,5),(163,'fachero que sosaaaaa','2018-07-3',1,5),(164,'que facha sosaaaa','2018-07-4',1,5),(165,'que facha tenesaaaa','2018-07-5',2,5),(166,'que facha poseesaaaa','2018-07-6',2,5),(167,'que facha manejasaaaa','2018-07-7',2,5),(168,'que facha llevasaaaa','2018-07-8',2,5),(169,'que facha armasaaaa','2018-07-9',3,5),(170,'que facha adquiristeaaaa','2018-07-10',3,5),(171,'que facha estasaaaa','2018-07-1',3,5),(172,'facheroaaaa','2018-07-2',3,5),(173,'fachero que sosaaaaa','2018-07-3',4,5),(174,'que facha sosaaaaa','2018-07-4',4,5),(175,'que facha tenesaaaaa','2018-07-5',4,5),(176,'que facha poseesaaaa','2018-07-6',4,5),(177,'que facha manejasaaaaa','2018-07-7',5,5),(178,'que facha llevasaaaaa','2018-07-8',5,5),(179,'que facha armasaaaa','2018-07-9',5,5),(180,'que facha adquiristeaaaa','2018-07-10',5,5),(181,'que facha estasaaaaa','2018-07-1',6,5),(182,'facheroaaaaa','2018-07-2',6,5),(183,'fachero que soseaaaaa','2018-07-3',6,5),(184,'que facha soaaaaa','2018-07-4',6,5),(185,'que facha teneaaaa','2018-07-5',7,5),(186,'que facha poseeaaaa','2018-07-6',7,5),(187,'que facha manejasaaaa','2018-07-7',7,5),(188,'que facha llevasaaaa','2018-07-8',7,5),(189,'que facha armasaaaaa','2018-07-9',8,5),(190,'que facha adquiriaaaa','2018-07-10',8,5),(191,'que facha estasaaaa','2018-07-1',8,5),(192,'facheraaaa','2018-07-2',8,5),(193,'fachero que soaaaaa','2018-07-3',9,5),(194,'que facha sosaaaa','2018-07-4',9,5),(195,'que facha tenesaaaaa','2018-07-5',9,5),(196,'que facha poseeaaaa','2018-07-6',9,5),(197,'que facha manejasaaaa','2018-07-7',10,5),(198,'que facha llevasaaaa','2018-07-8',10,5),(199,'que facha armasaaaa','2018-07-9',10,5),(200,'que facha adquiristaaaaa','2018-07-10',10,5);
/*!40000 ALTER TABLE `comentarios` ENABLE KEYS */;
UNLOCK TABLES;

--
-- Table structure for table `posts`
--

DROP TABLE IF EXISTS `posts`;
/*!40101 SET @saved_cs_client     = @@character_set_client */;
/*!50503 SET character_set_client = utf8mb4 */;
CREATE TABLE `posts` (
  `idposts` int(11) NOT NULL AUTO_INCREMENT,
  `idUsuario` int(11) DEFAULT NULL,
  `urlimagen` varchar(20000) NOT NULL,
  `pieDeFoto` varchar(45) DEFAULT NULL,
  `fechaDePosteo` datetime DEFAULT NULL,
  PRIMARY KEY (`idposts`)
) ENGINE=InnoDB AUTO_INCREMENT=51 DEFAULT CHARSET=utf8;
/*!40101 SET character_set_client = @saved_cs_client */;

--
-- Dumping data for table `posts`
--

LOCK TABLES `posts` WRITE;
/*!40000 ALTER TABLE `posts` DISABLE KEYS */;
INSERT INTO `posts` VALUES (1,1,'https://i.pinimg.com/originals/f1/f8/78/f1f87827c10a85d379252d3b4c68554f.jpg','capo','2020-05-19 00:00:00'),(2,1,'https://i.pinimg.com/originals/f1/f8/78/f1f87827c10a85d379252d3b4c68554f.jpg','bien de pilcha','2015-05-20 00:00:00'),(3,1,'https://i.pinimg.com/originals/f1/f8/78/f1f87827c10a85d379252d3b4c68554f.jpg','los pibes','2015-05-21 00:00:00'),(4,1,'https://i.pinimg.com/originals/f1/f8/78/f1f87827c10a85d379252d3b4c68554f.jpg','fachero','2015-05-22 00:00:00'),(5,1,'https://i.pinimg.com/originals/f1/f8/78/f1f87827c10a85d379252d3b4c68554f.jpg','ñerys','2015-05-19 00:00:00'),(6,1,'https://i.pinimg.com/originals/f1/f8/78/f1f87827c10a85d379252d3b4c68554f.jpg','padel en pinguinos','2015-05-20 00:00:00'),(7,1,'https://i.pinimg.com/originals/f1/f8/78/f1f87827c10a85d379252d3b4c68554f.jpg','jeto','2015-05-21 00:00:00'),(8,1,'https://i.pinimg.com/originals/f1/f8/78/f1f87827c10a85d379252d3b4c68554f.jpg','maxi meza','2015-05-22 00:00:00'),(9,1,'https://i.pinimg.com/originals/f1/f8/78/f1f87827c10a85d379252d3b4c68554f.jpg','morfi con la banda','2020-05-19 00:00:00'),(10,1,'data:image/jpeg;base64,/9j/4AAQSkZJRgABAQAAAQABAAD/2wCEAAkGBw4NDRAQDQ0QEA4NDQ0NDQoKDQ8IEA0NIB0YIiAdHx8aKCgsJCYxJxMfITEtJSkrLi4uFx8zODMsNygtLisBCgoKDQwOFQ8PFSsdFRkrKysrKystLS0rKystKysrKysrKysrKysrKysrKysrKysrKysrKysrKysrKysrKysrK//AABEIAMgAyAMBIgACEQEDEQH/xAAcAAAABwEBAAAAAAAAAAAAAAAAAQIDBAYHBQj/xABIEAABAwIDBQYCBgcGAwkAAAABAAIDBBEFEiEGBzFBURMiYXGBkaHBFCMykrHRM0JSU1Th8SRDRGOT8AhzohUWF0VVYmRyg//EABUBAQEAAAAAAAAAAAAAAAAAAAAB/8QAFBEBAAAAAAAAAAAAAAAAAAAAAP/aAAwDAQACEQMRAD8A3FC6ySfexKzhSRut/mvb8lZcO2zfLTds6EN0vka8uHvZBdkFkeK74jTyFgog+363b5PkoY35dcOPpUfyQbRdBYyN+TOeHP8ASoH5JTd+kPPD5fSZjvkg2RBZls5vbgr5xC2jlYSL53yMcPgpu0m8+mw6QRyQSvJaDeIs09yg0BBZbHvpoj/hakf6bvmnG75aA/4ep+7H+aDTkFmh3yYaBrFU/wCmz802N9mE821Q/wDxH5oNPQWbRb5sIceNR6wfzXQi3n4c8Xb25H/J/mgvKCpTN5OHk2tOPOA/mkTb0cKjNnySgk2t2D3ILwgqMd6mEDjO8ecEn5IDetgv8WfWCX8kF5QVJbvSwU/40esUrfknW7y8GP8AjmerJW/JBcUFUf8AxIwb/wBQi9RI35JY3iYMf/MYPVxb8kFrQVYbt7hB4YjT/wCpZPRbZ4Y8gMr6ckkBrRKLkoLCgmG1AIuOB4EBBB5krGdOZurrTVOTDj4NColXLc26kBWTFKosw7I3VzgOHJRVDxWfPK4+JUEuRyuNzfqmiUCsybugSklEXjddRF9Q+Tk1tgVC24rDLWyX/UOUei7u7CVzIZCBxJIPoq1jsDnyveebiT7ornQFS4yFAiBupTA5oQMVjuNly3cV06k8VzOLrDmbABESaamc8jLqTyCtmDU/ZNu6ZuYGxYXZWxi3MnRcBkvYgBv2gLuy8R6pr6Q6x+sGUm5jBFj580Vd24s8cJYRcZheUOJPLTp6eSgPrZmudnZE/MAczonxODrci4BVmCZts3akOH2hDFw9SdVLphTykiRsr3lpLDJUsiuetrG3kSg7UtTBUMs5hZNawa1jGC44jjxK4MuHSMJztLWh2UPI014a+SVQCZ5uGPMAeQ10rg760DQX6ePDVdYSkxSOmlacsoikpgwtI5DzAQcQ0JylzXtdYXIB1A8lHDlZWU0EsTyzuyxi5tfKRwuD0PzXAnpXtJFvEG2W6CHI9JD042ne42AvfourSbO1EjcwidbwCDmROXY2bjz1sAHOaP8AFRazCZYPtsIvzIXa2Ajz4jTt59qD7IPTMAsxvgAgjccrfIIKo8tH9IDfgb6rtnGYRBZ9nEA2aqpUVJ5KEXElRSah+Z5PC7iQOiZISnhNkohJKBKBSSg0DYHEBHC5ptrfVN1czH3BI+0dVW9nqgsda+hOuqlVNy825k8EUVZRhhu1yZjqrCx180upa8N1+KhtF+YQM1k9ybeyRSNyAyuGl7NvwJUieFoFyfRLo6KWrfDBEP0kgY0cz1PkNUEGZ2YaWA4kt4k+JTZj00ubjiVvdJugohTDtXvMxbbODo0+XOy4ku7P6HHM5rhUSOOWIvbk7MeSIxwvdbUnTgL6BdHBZGB4uftd15yhxseQuu9iuyconbTQsvI1ueUtJcATwBPlyQotjpopP7Q0tJIOnes3XX1siuPNSuZK7JJJmsHsdcOFyeBHPknMLxS87vpFtWFpcQXEyg3BPiSFaK3DmCifJF+kh1afs5WhwNyeetwqXXloqBI0aGTM6PmNb2QWOA2bJ2Z7udzQL5m9i7UC/mCFZtldnxXwntB+iuGkjK4Am4B66KmU9W2XOYrMcGOcWE6Psb6eVz8VomydXIJpXR/ZLXNljZ3sxvcHzQSKbY6GJ18uo6ldiE08AsbDwsmnvqXngbHwUun2dMzQX362CCmbZ1ED4zlIOmmi4m6xt8Yh6Aud8FbNptk3kENadOBAXK3c4LJTV5le02YLC45lBsuM12SwHMXKC4dTO+aU9w2GgNkER5weUiPinH8EiIXcikTt1UchTpgojwiGrIkohJKCXhdSIpAXcAV3q/aSG31UQzEanLlVUJSUEusxGSU3J9Aookd1RIkCg8krUtztJGztq+rIbFAWwQOkH95a5t42t7rL6WNz3gN1JNgBxK9D0GyZgwSniMbnvbG6odHGNXSuF7edtLoOyd4GGh2R1QG62zO4LqAsnGdjw6NwzNc05gfJZLjOGSMkhjGFxPZUMFuzl7fs5AbEONrA21J4K47DA07JIi89jEA4MLs4jcSQWg8xogsctCAS5rWgkgudbV3mok2Ads7MMneFnG2YjoVXNqsamkhkEE3YsBytlByuJ8FXNmMfr6MvdJVCdkgIbI6TP2Ug4XHQoq343sUfoc0UDgGyR5SA3vkggjXzHxWA19O8Pl/9r8p8OP5L09sttIzEoXBzck8XdmjHeBuNCPArzbtTA+lxCpjP71x15gk2REHCgcwtzcW68NQQta3LVzJZp43ttI6Jrr8rNNvfvD2WPQPyu89R5rZNwWGdoKmqdxa4U7QeGoBJ/BBpz2RMdZ1tVOifHazSPAKvba00zYXPgvnA0yqp7GVtfLUgTF2VvJzeKDTJ6PtB8k3QYYxjiS0a+C6UA7o8k5ZUJZAwcGj2QSwUEHjdxR0ou5IedEuj4qKelH9VDlCmSkBRZJQgjEJBKU8pslEAoBJuhdAZRIiUV0E3CHubUMyDM8uDWtAzEuJsLBet8MqM9OzNo7I02Pd5LyjslVxU+I0ss4vFFURPktyAPH04+i9YUOV7GObq1zQQeo5FBDfhEcshfky3NzIO6ShU4W1kLgz9UF5HM9F0KuYsbdrS4NN3MbxI8FBOOwB+R+f6wlpLWF+W/W3AeJQVimwprhke1pBf2jS9ucX6EcLFV7GNgnPnlfTB8b5Hl7WNkY2nYSbnugXsenJaUykY3MWG7Dw/W0RCRrfMaix4oONsjsu+jLXuID2tyOy94OCyHfbh7YcXLmWtLFG8tHI63XoF1QSNOBWLvwqTHMeqXysIgoy7Vze69zbBrCedzckdLoM1bgtTkY/snZJHtjjIGYvceAA5kr1Fu/2aGFYbDAf0pb2tQ4c5jqfbQeiYosEjqK2KV8GSHD2sdExgyRyVhBFwOYAtbxd4K3EqhmWnDxZ2oPIpmDDYmG7WAHqApWZKBQJDUfyR3TTO6Tfi43tfMgWESO6JB40eUIpMpSpOCjgqByWS/qm2tLjYc0q2vmnicgsOJ4lA9BSR8HXJOpcDlyo5MKYfsSkdA8ZviEw0+PiSjzeKKQ7Cpf1cr/Bjhf2Kiy072fbY5v8A9hopRelNqXgWzG3QnMPZEc0oWXRc9rvtRtPi0ZD8EX0GNw7shaT+q8ZvwVEBhsvXezkwdR07xwdTwu9wF5Sp8OkM0bAM2eWNjcnezEkDhxXqOimERdDyjIaGAZbN6KCVW41TRfpaiNgDsti4Xv49FGgfDM/M18T7ggNDg64PTxTeLw05YTJSMkB1d9Wy/ncqtf8AYtFM4GOOencDcdgez19DZBcKcvjNr3aDlLbZSwdUqRgFvPUri0QmhFpZnTXGVrpGhrmjoSOKnVE4cwG/O9/BB0I5A1pLj3Wi7nu7oDQmMEpw/M68TmyEua2PiwEaXt73XCxCZ9VDJHCCblsRMfMkgEeQGp8ArThxFPG2OOEMZG1rGhgy90CwQdZjcrQ0chZAlRI64ONrH1CkZ9FQE3W/on2uCRZpbxB5WTjDdRMQrMjmxsBMjjoC02A636BBysIgxDtAaqoYGA3bExpdJIPHp8VYmgE6jUcD0XKbUMjz979HYzTOOtzrYdFypNr4RURwseLvDiADoQPH1CgtT','pipis','2015-05-20 00:00:00'),(11,2,'https://gcdn.emol.cl/mitos-y-enigmas/files/2016/12/Vito.jpg','caposs','2016-05-19 00:00:00'),(12,2,'https://gcdn.emol.cl/mitos-y-enigmas/files/2016/12/Vito.jpg','bien de pilchass','2016-05-20 00:00:00'),(13,2,'https://gcdn.emol.cl/mitos-y-enigmas/files/2016/12/Vito.jpg','los pibesss','2016-05-21 00:00:00'),(14,2,'https://gcdn.emol.cl/mitos-y-enigmas/files/2016/12/Vito.jpg','facheross','2016-05-22 00:00:00'),(15,2,'https://gcdn.emol.cl/mitos-y-enigmas/files/2016/12/Vito.jpg','ñerysss','2016-05-23 00:00:00'),(16,2,'https://gcdn.emol.cl/mitos-y-enigmas/files/2016/12/Vito.jpg','padel en pinguinosss','2016-05-24 00:00:00'),(17,2,'https://gcdn.emol.cl/mitos-y-enigmas/files/2016/12/Vito.jpg','jetoss','2022-05-25 00:00:00'),(18,2,'https://gcdn.emol.cl/mitos-y-enigmas/files/2016/12/Vito.jpg','maxi mezass','2016-05-26 00:00:00'),(19,2,'https://gcdn.emol.cl/mitos-y-enigmas/files/2016/12/Vito.jpg','morfi con la bandass','2012-05-17 00:00:00'),(20,2,'https://gcdn.emol.cl/mitos-y-enigmas/files/2016/12/Vito.jpg','pipisss','2020-05-28 00:00:00'),(21,3,'https://vignette.wikia.nocookie.net/padrinos/images/b/b5/Original.jpg/revision/latest/scale-to-width-down/340?cb=20120403142406&path-prefix=es','caposs aa','2017-07-01 00:00:00'),(22,3,'https://vignette.wikia.nocookie.net/padrinos/images/b/b5/Original.jpg/revision/latest/scale-to-width-down/340?cb=20120403142406&path-prefix=es','bien de pilchass aa','2015-07-11 00:00:00'),(23,3,'https://vignette.wikia.nocookie.net/padrinos/images/b/b5/Original.jpg/revision/latest/scale-to-width-down/340?cb=20120403142406&path-prefix=es','los pibesss aa','2017-07-12 00:00:00'),(24,3,'https://vignette.wikia.nocookie.net/padrinos/images/b/b5/Original.jpg/revision/latest/scale-to-width-down/340?cb=20120403142406&path-prefix=es','facheross aa','2013-07-13 00:00:00'),(25,3,'https://vignette.wikia.nocookie.net/padrinos/images/b/b5/Original.jpg/revision/latest/scale-to-width-down/340?cb=20120403142406&path-prefix=es','ñerysss aa','2017-07-14 00:00:00'),(26,3,'https://vignette.wikia.nocookie.net/padrinos/images/b/b5/Original.jpg/revision/latest/scale-to-width-down/340?cb=20120403142406&path-prefix=es','padel en pinguinosss aa','2020-07-15 00:00:00'),(27,3,'https://vignette.wikia.nocookie.net/padrinos/images/b/b5/Original.jpg/revision/latest/scale-to-width-down/340?cb=20120403142406&path-prefix=es','jetoss aa','2017-07-16 00:00:00'),(28,3,'https://vignette.wikia.nocookie.net/padrinos/images/b/b5/Original.jpg/revision/latest/scale-to-width-down/340?cb=20120403142406&path-prefix=es','maxi mezass aa','2020-07-17 00:00:00'),(29,3,'https://vignette.wikia.nocookie.net/padrinos/images/b/b5/Original.jpg/revision/latest/scale-to-width-down/340?cb=20120403142406&path-prefix=es','morfi con la bandass aa','2017-07-18 00:00:00'),(30,3,'https://vignette.wikia.nocookie.net/padrinos/images/b/b5/Original.jpg/revision/latest/scale-to-width-down/340?cb=20120403142406&path-prefix=es','pipisss aa','2017-07-19 00:00:00'),(31,4,'https://www.nydailynews.com/resizer/xfVX4Obfim0hWanoJr96I7uJMw8=/800x1167/top/arc-anglerfish-arc2-prod-tronc.s3.amazonaws.com/public/S6ARQ46Z6LSYQ7WMKP5OAHW7LA.jpg','buenaaa','2018-07-01 00:00:00'),(32,4,'https://i.pinimg.com/originals/fb/a2/4e/fba24e40bc0ff0006788bc3c1b4dadae.jpg','saliendooo','2016-07-02 00:00:00'),(33,4,'https://i.pinimg.com/originals/fb/a2/4e/fba24e40bc0ff0006788bc3c1b4dadae.jpg','amigos','2018-07-03 00:00:00'),(34,4,'https://www.nydailynews.com/resizer/xfVX4Obfim0hWanoJr96I7uJMw8=/800x1167/top/arc-anglerfish-arc2-prod-tronc.s3.amazonaws.com/public/S6ARQ46Z6LSYQ7WMKP5OAHW7LA.jpg','que bien estamos','2017-07-04 00:00:00'),(35,4,'https://i.pinimg.com/originals/fb/a2/4e/fba24e40bc0ff0006788bc3c1b4dadae.jpg','ojala salir','2020-07-05 00:00:00'),(36,4,'https://i.pinimg.com/originals/fb/a2/4e/fba24e40bc0ff0006788bc3c1b4dadae.jpg','tenis con los pibes','2018-07-06 00:00:00'),(37,4,'https://i.pinimg.com/originals/fb/a2/4e/fba24e40bc0ff0006788bc3c1b4dadae.jpg','roseee','2032-07-07 00:00:00'),(38,4,'https://i.pinimg.com/originals/fb/a2/4e/fba24e40bc0ff0006788bc3c1b4dadae.jpg','se sale','2018-07-08 00:00:00'),(39,4,'https://i.pinimg.com/originals/fb/a2/4e/fba24e40bc0ff0006788bc3c1b4dadae.jpg','morfando con la banda','2014-07-09 00:00:00'),(40,4,'https://i.pinimg.com/originals/fb/a2/4e/fba24e40bc0ff0006788bc3c1b4dadae.jpg','que no llueva hoyy','2018-07-10 00:00:00'),(41,5,'https://media.lasvegasmagazine.com/media/img/photos/2018/07/05/QA_Michael_franzese_LD_t1024.jpg?b3f067808e872500b33dd7ef4ee517933144b05a','buenaaasssss','2019-07-10 00:00:00'),(42,5,'https://media.lasvegasmagazine.com/media/img/photos/2018/07/05/QA_Michael_franzese_LD_t1024.jpg?b3f067808e872500b33dd7ef4ee517933144b05a','saliendoooxxxx','2016-07-12 00:00:00'),(43,5,'https://media.lasvegasmagazine.com/media/img/photos/2018/07/05/QA_Michael_franzese_LD_t1024.jpg?b3f067808e872500b33dd7ef4ee517933144b05a','amigosxxxx','2019-07-13 00:00:00'),(44,5,'https://media.lasvegasmagazine.com/media/img/photos/2018/07/05/QA_Michael_franzese_LD_t1024.jpg?b3f067808e872500b33dd7ef4ee517933144b05a','que bien estamosxxxx','2019-07-14 00:00:00'),(45,5,'https://media.lasvegasmagazine.com/media/img/photos/2018/07/05/QA_Michael_franzese_LD_t1024.jpg?b3f067808e872500b33dd7ef4ee517933144b05a','ojala salirxxxx','2020-07-15 00:00:00'),(46,5,'https://media.lasvegasmagazine.com/media/img/photos/2018/07/05/QA_Michael_franzese_LD_t1024.jpg?b3f067808e872500b33dd7ef4ee517933144b05a','tenis con los pibesxxxx','2019-07-16 00:00:00'),(47,5,'https://media.lasvegasmagazine.com/media/img/photos/2018/07/05/QA_Michael_franzese_LD_t1024.jpg?b3f067808e872500b33dd7ef4ee517933144b05a','roseeexxxx','2019-07-17 00:00:00'),(48,5,'https://media.lasvegasmagazine.com/media/img/photos/2018/07/05/QA_Michael_franzese_LD_t1024.jpg?b3f067808e872500b33dd7ef4ee517933144b05a','se salexxxx','2019-07-18 00:00:00'),(49,5,'https://media.lasvegasmagazine.com/media/img/photos/2018/07/05/QA_Michael_franzese_LD_t1024.jpg?b3f067808e872500b33dd7ef4ee517933144b05a','morfando con la bandaxxxx','2011-07-19 00:00:00'),(50,5,'https://media.lasvegasmagazine.com/media/img/photos/2018/07/05/QA_Michael_franzese_LD_t1024.jpg?b3f067808e872500b33dd7ef4ee517933144b05a','que no llueva hoyyxxxx','2019-07-20 00:00:00');
/*!40000 ALTER TABLE `posts` ENABLE KEYS */;
UNLOCK TABLES;

--
-- Table structure for table `usuarios`
--

DROP TABLE IF EXISTS `usuarios`;
/*!40101 SET @saved_cs_client     = @@character_set_client */;
/*!50503 SET character_set_client = utf8mb4 */;
CREATE TABLE `usuarios` (
  `idUsuarios` int(11) NOT NULL AUTO_INCREMENT,
  `nombre` varchar(45) NOT NULL,
  `fechaDeNacimiento` datetime DEFAULT NULL,
  `edad` int(11) DEFAULT NULL,
  `contrasenia` varchar(45) NOT NULL,
  `email` varchar(45) DEFAULT NULL,
  `fotoPerfil` varchar(20000) DEFAULT NULL,
  `pregSeguridad` varchar(45) NOT NULL,
  `resSeguridad` varchar(45) NOT NULL,
  PRIMARY KEY (`idUsuarios`)
) ENGINE=InnoDB AUTO_INCREMENT=6 DEFAULT CHARSET=utf8;
/*!40101 SET character_set_client = @saved_cs_client */;

--
-- Dumping data for table `usuarios`
--

LOCK TABLES `usuarios` WRITE;
/*!40000 ALTER TABLE `usuarios` DISABLE KEYS */;
INSERT INTO `usuarios` VALUES (1,'Tony Montana','1957-05-19 00:00:00',63,'tonymontana','tonymontana@gmail.com','https://upload.wikimedia.org/wikipedia/en/1/19/Tony_Montana_in_Scarface_%281983%29%2C_portrayed_by_Al_Pacino.jpg','',''),(2,'Vito Corleone','1933-09-01 00:00:00',87,'vitocorleone','vitocorleone@gmail.com','https://www.opusvida.com/wp-content/uploads/2010/05/vito_corleone_11.jpg','',''),(3,'Michael Corleone','1960-07-10 00:00:00',59,'michaelcorleone','michaelcorleone@gmail.com','https://static.wikia.nocookie.net/godfather/images/a/aa/Michael_Corleone_Part_I.jpg/revision/latest/top-crop/width/360/height/450?cb=20190828200514','',''),(4,'Jhon Gotti','1940-10-27 00:00:00',79,'jhongotti','jhongotti@gmail.com','https://pbs.twimg.com/profile_images/628863908644696064/Ud4JwGF6.jpg','',''),(5,'Michael Franzese','1951-05-27 00:00:00',69,'michaelfranzese','michaelfranzese@gmail.com','https://static.wikia.nocookie.net/mafia/images/3/37/Michael_Franzese.jpg/revision/latest/scale-to-width-down/340?cb=20120925182959','','');
/*!40000 ALTER TABLE `usuarios` ENABLE KEYS */;
UNLOCK TABLES;
/*!40103 SET TIME_ZONE=@OLD_TIME_ZONE */;

/*!40101 SET SQL_MODE=@OLD_SQL_MODE */;
/*!40014 SET FOREIGN_KEY_CHECKS=@OLD_FOREIGN_KEY_CHECKS */;
/*!40014 SET UNIQUE_CHECKS=@OLD_UNIQUE_CHECKS */;
/*!40101 SET CHARACTER_SET_CLIENT=@OLD_CHARACTER_SET_CLIENT */;
/*!40101 SET CHARACTER_SET_RESULTS=@OLD_CHARACTER_SET_RESULTS */;
/*!40101 SET COLLATION_CONNECTION=@OLD_COLLATION_CONNECTION */;
/*!40111 SET SQL_NOTES=@OLD_SQL_NOTES */;

-- Dump completed on 2020-11-12 19:24:51
